URL,Product Name,ASIN,Variant
https://www.amazon.in/Canon-1500D-Digital-Camera-S18-55/dp/B07BS4TJ43/,Canon EOS 1500D 24.1MP Digital SLR Camera (Black) With EF S18-55 IS II Lens - Wi-Fi / NFC Supported,B07BS4TJ43,No variants found
https://www.amazon.in/TVS-Ventilation-Protection-Compatible-Fingertips-Premium/dp/B0BFW8GYY3/,"TVS Racing Riding Gloves for Men-Mesh for Ventilation, TPR Protection for Knuckles,Touch Screen Compatible, & Visor Wiper Fingertips-Premium Bike Gloves for Riding Comfort (Blue White-L) : Amazon.in: Car & Motorbike",B0BFW8GYY3,"Size: 2XL, Color: Black (ASIN: B0BFW7QJ2T)"
https://www.amazon.in/TVS-Ventilation-Protection-Compatible-Fingertips-Premium/dp/B0BFW8GYY3/,"TVS Racing Riding Gloves for Men-Mesh for Ventilation, TPR Protection for Knuckles,Touch Screen Compatible, & Visor Wiper Fingertips-Premium Bike Gloves for Riding Comfort (Blue White-L) : Amazon.in: Car & Motorbike",B0BFW8GYY3,"Size: 2XL, Color: Blue (ASIN: B0BFW8S7RN)"
https://www.amazon.in/TVS-Ventilation-Protection-Compatible-Fingertips-Premium/dp/B0BFW8GYY3/,"TVS Racing Riding Gloves for Men-Mesh for Ventilation, TPR Protection for Knuckles,Touch Screen Compatible, & Visor Wiper Fingertips-Premium Bike Gloves for Riding Comfort (Blue White-L) : Amazon.in: Car & Motorbike",B0BFW8GYY3,"Size: L, Color: Black (ASIN: B0BFW3W1MQ)"
https://www.amazon.in/TVS-Ventilation-Protection-Compatible-Fingertips-Premium/dp/B0BFW8GYY3/,"TVS Racing Riding Gloves for Men-Mesh for Ventilation, TPR Protection for Knuckles,Touch Screen Compatible, & Visor Wiper Fingertips-Premium Bike Gloves for Riding Comfort (Blue White-L) : Amazon.in: Car & Motorbike",B0BFW8GYY3,"Size: L, Color: Blue (ASIN: B0BFW8GYY3)"
https://www.amazon.in/TVS-Ventilation-Protection-Compatible-Fingertips-Premium/dp/B0BFW8GYY3/,"TVS Racing Riding Gloves for Men-Mesh for Ventilation, TPR Protection for Knuckles,Touch Screen Compatible, & Visor Wiper Fingertips-Premium Bike Gloves for Riding Comfort (Blue White-L) : Amazon.in: Car & Motorbike",B0BFW8GYY3,"Size: M, Color: Black (ASIN: B0BFW3RY26)"
https://www.amazon.in/TVS-Ventilation-Protection-Compatible-Fingertips-Premium/dp/B0BFW8GYY3/,"TVS Racing Riding Gloves for Men-Mesh for Ventilation, TPR Protection for Knuckles,Touch Screen Compatible, & Visor Wiper Fingertips-Premium Bike Gloves for Riding Comfort (Blue White-L) : Amazon.in: Car & Motorbike",B0BFW8GYY3,"Size: M, Color: Blue (ASIN: B0BFW63RRJ)"
https://www.amazon.in/TVS-Ventilation-Protection-Compatible-Fingertips-Premium/dp/B0BFW8GYY3/,"TVS Racing Riding Gloves for Men-Mesh for Ventilation, TPR Protection for Knuckles,Touch Screen Compatible, & Visor Wiper Fingertips-Premium Bike Gloves for Riding Comfort (Blue White-L) : Amazon.in: Car & Motorbike",B0BFW8GYY3,"Size: XL, Color: Black (ASIN: B0BFW7Y6DY)"
https://www.amazon.in/TVS-Ventilation-Protection-Compatible-Fingertips-Premium/dp/B0BFW8GYY3/,"TVS Racing Riding Gloves for Men-Mesh for Ventilation, TPR Protection for Knuckles,Touch Screen Compatible, & Visor Wiper Fingertips-Premium Bike Gloves for Riding Comfort (Blue White-L) : Amazon.in: Car & Motorbike",B0BFW8GYY3,"Size: XL, Color: Blue (ASIN: B0BFW83GGB)"
https://www.amazon.in/Samsung-Galaxy-Storage-without-Charger/dp/B0CS35XMKY/,"Samsung Galaxy A14 5G (Dark Red, 4GB, 128GB Storage) | Triple Rear Camera (50 MP Main) | Upto 8 GB RAM with RAM Plus | Without Charger",B0CS35XMKY,"Color: Black,4GB+128GB,With Exchange Bonus or No Cost EMI (ASIN: B0CS39GD5C)"
https://www.amazon.in/Samsung-Galaxy-Storage-without-Charger/dp/B0CS35XMKY/,"Samsung Galaxy A14 5G (Dark Red, 4GB, 128GB Storage) | Triple Rear Camera (50 MP Main) | Upto 8 GB RAM with RAM Plus | Without Charger",B0CS35XMKY,"Color: Black,4GB+64GB,Other Offers (ASIN: B0BTYK51HM)"
https://www.amazon.in/Samsung-Galaxy-Storage-without-Charger/dp/B0CS35XMKY/,"Samsung Galaxy A14 5G (Dark Red, 4GB, 128GB Storage) | Triple Rear Camera (50 MP Main) | Upto 8 GB RAM with RAM Plus | Without Charger",B0CS35XMKY,"Color: Dark Red,4GB+128GB,Exchange Bonus or No Cost EMI (ASIN: B0CS35XMKY)"
https://www.amazon.in/Samsung-Galaxy-Storage-without-Charger/dp/B0CS35XMKY/,"Samsung Galaxy A14 5G (Dark Red, 4GB, 128GB Storage) | Triple Rear Camera (50 MP Main) | Upto 8 GB RAM with RAM Plus | Without Charger",B0CS35XMKY,"Color: Light Green,4GB+128GB,Exchange Bonus / No Cost EMI (ASIN: B0CS3BJN5S)"
https://www.amazon.in/dp/B0CHZ38BPP/,"Samsung Galaxy Tab S9 FE 27.69 cm (10.9 inch) Display, RAM 6 GB, ROM 128 GB Expandable, S Pen in-Box, Wi-Fi, IP68 Tablet, Gray",B0CHZ38BPP,No variants found
https://www.amazon.in/Sony-WH-1000XM4-Cancelling-Bluetooth-Headphones/dp/B091CQH6VT/,"Sony WH-1000XM4 Noise Cancellation Wireless Bluetooth Over-Ear Headphones with Mic, Hi-Res Audio, Up to 38Hrs Battery- Blue",B091CQH6VT,Color: Black (ASIN: B0863TXGM3)
https://www.amazon.in/Sony-WH-1000XM4-Cancelling-Bluetooth-Headphones/dp/B091CQH6VT/,"Sony WH-1000XM4 Noise Cancellation Wireless Bluetooth Over-Ear Headphones with Mic, Hi-Res Audio, Up to 38Hrs Battery- Blue",B091CQH6VT,Color: Blue (ASIN: B091CQH6VT)
https://www.amazon.in/Sony-WH-1000XM4-Cancelling-Bluetooth-Headphones/dp/B091CQH6VT/,"Sony WH-1000XM4 Noise Cancellation Wireless Bluetooth Over-Ear Headphones with Mic, Hi-Res Audio, Up to 38Hrs Battery- Blue",B091CQH6VT,Color: Sliver (ASIN: B0863FR3S9)
https://www.amazon.in/realme-Snapdragon-Processor-Periscope-RealWorld/dp/B0DMFD8L7J/,"realme GT 7 Pro (Mars Orange,12GB+256GB) | India's First Snapdragon 8 Elite Processor | 3X Periscope Flagship Camera| RealWorld Eco² OLED Plus Display",B0DMFD8L7J,"Size: 12+256, Color: Galaxy Grey (ASIN: B0DMFDNDD5)"
https://www.amazon.in/realme-Snapdragon-Processor-Periscope-RealWorld/dp/B0DMFD8L7J/,"realme GT 7 Pro (Mars Orange,12GB+256GB) | India's First Snapdragon 8 Elite Processor | 3X Periscope Flagship Camera| RealWorld Eco² OLED Plus Display",B0DMFD8L7J,"Size: 12+256, Color: Mars Orange (ASIN: B0DMFD8L7J)"
https://www.amazon.in/realme-Snapdragon-Processor-Periscope-RealWorld/dp/B0DMFD8L7J/,"realme GT 7 Pro (Mars Orange,12GB+256GB) | India's First Snapdragon 8 Elite Processor | 3X Periscope Flagship Camera| RealWorld Eco² OLED Plus Display",B0DMFD8L7J,"Size: 16+512, Color: Galaxy Grey (ASIN: B0DMFCPF1W)"
https://www.amazon.in/realme-Snapdragon-Processor-Periscope-RealWorld/dp/B0DMFD8L7J/,"realme GT 7 Pro (Mars Orange,12GB+256GB) | India's First Snapdragon 8 Elite Processor | 3X Periscope Flagship Camera| RealWorld Eco² OLED Plus Display",B0DMFD8L7J,"Size: 16+512, Color: Mars Orange (ASIN: B0DMFJCCRP)"
https://www.amazon.in/iQOO-Storage-Ultra-Thin-Dimesity-Processor/dp/B07WFPL9PB/,"iQOO Z9s 5G (Onyx Green, 8GB RAM, 128GB Storage) | 120 Hz 3D Curved AMOLED Display | 5500 mAh Ultra-Thin Battery | Dimesity 7300 5G Processor | Sony IMX882 OIS Camera with Aura Light : Amazon.in",B07WFPL9PB,"Size: 8GB RAM, 128GB Storage, Color: Onyx Green (ASIN: B07WHS35V6)"
https://www.amazon.in/iQOO-Storage-Ultra-Thin-Dimesity-Processor/dp/B07WFPL9PB/,"iQOO Z9s 5G (Onyx Green, 8GB RAM, 128GB Storage) | 120 Hz 3D Curved AMOLED Display | 5500 mAh Ultra-Thin Battery | Dimesity 7300 5G Processor | Sony IMX882 OIS Camera with Aura Light : Amazon.in",B07WFPL9PB,"Size: 8GB RAM, 128GB Storage, Color: Titanium Matte (ASIN: B07WHRZRD7)"
https://www.amazon.in/iQOO-Storage-Ultra-Thin-Dimesity-Processor/dp/B07WFPL9PB/,"iQOO Z9s 5G (Onyx Green, 8GB RAM, 128GB Storage) | 120 Hz 3D Curved AMOLED Display | 5500 mAh Ultra-Thin Battery | Dimesity 7300 5G Processor | Sony IMX882 OIS Camera with Aura Light : Amazon.in",B07WFPL9PB,"Size: 8GB RAM, 256GB Storage, Color: Onyx Green (ASIN: B07WHS35V6)"
https://www.amazon.in/iQOO-Storage-Ultra-Thin-Dimesity-Processor/dp/B07WFPL9PB/,"iQOO Z9s 5G (Onyx Green, 8GB RAM, 128GB Storage) | 120 Hz 3D Curved AMOLED Display | 5500 mAh Ultra-Thin Battery | Dimesity 7300 5G Processor | Sony IMX882 OIS Camera with Aura Light : Amazon.in",B07WFPL9PB,"Size: 8GB RAM, 256GB Storage, Color: Titanium Matte (ASIN: B07WHRZRD7)"
https://www.amazon.in/6-7-inch-Quad-Curved-Display-AI-Powered-MagicOS/dp/B0D6VJ6FYG/,"HONOR 200 5G (Black, 8GB + 256GB) | 6.7-inch AMOLED Quad-Curved Display | Dual OIS 50MP + 50MP + 12MP Camera | 50MP Selfie Camera | AI-Powered MagicOS 8.0 | Without Charger : Amazon.in: Electronics",B0D6VJ6FYG,"Size: 8GB + 256GB, Color: Black (ASIN: B0D6VJ6FYG)"
https://www.amazon.in/6-7-inch-Quad-Curved-Display-AI-Powered-MagicOS/dp/B0D6VJ6FYG/,"HONOR 200 5G (Black, 8GB + 256GB) | 6.7-inch AMOLED Quad-Curved Display | Dual OIS 50MP + 50MP + 12MP Camera | 50MP Selfie Camera | AI-Powered MagicOS 8.0 | Without Charger : Amazon.in: Electronics",B0D6VJ6FYG,"Size: 8GB + 256GB, Color: Moonlight White (ASIN: B0D6VGQDF4)"
https://www.amazon.in/6-7-inch-Quad-Curved-Display-AI-Powered-MagicOS/dp/B0D6VJ6FYG/,"HONOR 200 5G (Black, 8GB + 256GB) | 6.7-inch AMOLED Quad-Curved Display | Dual OIS 50MP + 50MP + 12MP Camera | 50MP Selfie Camera | AI-Powered MagicOS 8.0 | Without Charger : Amazon.in: Electronics",B0D6VJ6FYG,"Size: 12GB + 512GB, Color: Black (ASIN: B0D6VJCZW3)"
https://www.amazon.in/6-7-inch-Quad-Curved-Display-AI-Powered-MagicOS/dp/B0D6VJ6FYG/,"HONOR 200 5G (Black, 8GB + 256GB) | 6.7-inch AMOLED Quad-Curved Display | Dual OIS 50MP + 50MP + 12MP Camera | 50MP Selfie Camera | AI-Powered MagicOS 8.0 | Without Charger : Amazon.in: Electronics",B0D6VJ6FYG,"Size: 12GB + 512GB, Color: Moonlight White (ASIN: B0D6VGQDF4)"
https://www.amazon.in/dp/B0DMFD8L7J/,"realme GT 7 Pro (Mars Orange,12GB+256GB) | India's First Snapdragon 8 Elite Processor | 3X Periscope Flagship Camera| RealWorld Eco² OLED Plus Display : Amazon.in",B0DMFD8L7J,No variants found
https://www.amazon.in/Samsung-Daybreak-Storage-Corning-Gorilla/dp/B0D8123CLN/,"Samsung Galaxy M35 5G (Daybreak Blue,6GB RAM,128GB Storage)| Corning Gorilla Glass Victus+| AnTuTu Score 595K+ | Vapour Cooling Chamber | 6000mAh Battery | 120Hz Super AMOLED Display| Without Charger",B0D8123CLN,No variants found
https://www.amazon.in/dp/B0CMD957XQ/,Pikkme Moto G54 5G / G64 5G Flip Cover Leather Finish | Wallet Stand and Shock Proof | Inside TPU with Card Pockets | Complete Protection Flip Case (Blue),B0CMD957XQ,Color: Black (ASIN: B0CMD7BKM1)
https://www.amazon.in/dp/B0CMD957XQ/,Pikkme Moto G54 5G / G64 5G Flip Cover Leather Finish | Wallet Stand and Shock Proof | Inside TPU with Card Pockets | Complete Protection Flip Case (Blue),B0CMD957XQ,Color: Blue (ASIN: B0CMD957XQ)
https://www.amazon.in/dp/B0CMD957XQ/,Pikkme Moto G54 5G / G64 5G Flip Cover Leather Finish | Wallet Stand and Shock Proof | Inside TPU with Card Pockets | Complete Protection Flip Case (Blue),B0CMD957XQ,Color: Brown (ASIN: B0CMD7C5VY)
https://www.amazon.in/dp/B0CMD957XQ/,Pikkme Moto G54 5G / G64 5G Flip Cover Leather Finish | Wallet Stand and Shock Proof | Inside TPU with Card Pockets | Complete Protection Flip Case (Blue),B0CMD957XQ,Color: coffee (ASIN: B0CMD8GN16)
https://www.amazon.in/DD-SON-Compatible-Agni-Installation/dp/B0DHCKHY3X/,"DD SON Premium UV Tempered Glass Screen Protector Compatible for Lava Agni 3 5G (6.78 Inch, Pack of 1) with Edge to Edge Full Coverage UV and Easy Installation Kit : Amazon.in: Electronics",B0DHCKHY3X,No variants found
https://www.amazon.in/Canon-75-300-4-5-6-Telephoto-Cameras/dp/B00004THD0/,Canon EF 75-300 mm f/4-5.6 III Telephoto Zoom Lens for Canon SLR Cameras (Black) : Amazon.in: Electronics,B00004THD0,Size: 58mm (ASIN: B00004THD0)
https://www.amazon.in/Canon-75-300-4-5-6-Telephoto-Cameras/dp/B00004THD0/,Canon EF 75-300 mm f/4-5.6 III Telephoto Zoom Lens for Canon SLR Cameras (Black) : Amazon.in: Electronics,B00004THD0,Size: 75-300mm (ASIN: B00005K47Y)
https://www.amazon.in/dp/B0BCR4STVP/,Fujifilm Fujinon XF 56MM F1.2 R Weather Resistant LM Prime Lens for Portrait | Wedding | Fashion (Full Frame Equivalent = 85MM) with 2+1* Year Warranty,B0BCR4STVP,No variants found
https://www.amazon.in/ZEBRONICS-Keyboard-Design-Smartphone-Retractable/dp/B0CNRW872W/,"Amazon.in: Buy ZEBRONICS K36 Wired USB Keyboard with 106 Keys, Slim Design, Smartphone Holder, Retractable Stand, 1.2m Cable Length with Â‚Rupee Key Online at Low Prices in India | ZEBRONICS Reviews &amp; Ratings",B0CNRW872W,No variants found
https://www.amazon.in/dp/B0D3X1D2XY/,"Amazon.in: Buy BITECHKART Foldable Bluetooth Keyboard, Pocket Size Portable Mini BT Wireless Keyboard with Touchpad for Android, Windows, PC, Tablet, with Rechargeable Li-ion Battery_20 x 10 x 3 cm Grey Online at Low Prices in India | BITECHKART Reviews &amp; Ratings",B0D3X1D2XY,"Size: Flodable Keyboard, Color: Black-Multicolor (ASIN: B0DP31RFP7)"
https://www.amazon.in/dp/B0D3X1D2XY/,"Amazon.in: Buy BITECHKART Foldable Bluetooth Keyboard, Pocket Size Portable Mini BT Wireless Keyboard with Touchpad for Android, Windows, PC, Tablet, with Rechargeable Li-ion Battery_20 x 10 x 3 cm Grey Online at Low Prices in India | BITECHKART Reviews &amp; Ratings",B0D3X1D2XY,"Size: Flodable Keyboard, Color: Grey (ASIN: B0D3X1D2XY)"
https://www.amazon.in/dp/B0D3X1D2XY/,"Amazon.in: Buy BITECHKART Foldable Bluetooth Keyboard, Pocket Size Portable Mini BT Wireless Keyboard with Touchpad for Android, Windows, PC, Tablet, with Rechargeable Li-ion Battery_20 x 10 x 3 cm Grey Online at Low Prices in India | BITECHKART Reviews &amp; Ratings",B0D3X1D2XY,"Size: Flodable Keyboard, Color: Silver (ASIN: B0D3WR66NH)"
https://www.amazon.in/dp/B0D3X1D2XY/,"Amazon.in: Buy BITECHKART Foldable Bluetooth Keyboard, Pocket Size Portable Mini BT Wireless Keyboard with Touchpad for Android, Windows, PC, Tablet, with Rechargeable Li-ion Battery_20 x 10 x 3 cm Grey Online at Low Prices in India | BITECHKART Reviews &amp; Ratings",B0D3X1D2XY,"Size: Flodable Keyboard, Color: White-Multicolor (ASIN: B0DP34KYDW)"
https://www.amazon.in/dp/B0D3X1D2XY/,"Amazon.in: Buy BITECHKART Foldable Bluetooth Keyboard, Pocket Size Portable Mini BT Wireless Keyboard with Touchpad for Android, Windows, PC, Tablet, with Rechargeable Li-ion Battery_20 x 10 x 3 cm Grey Online at Low Prices in India | BITECHKART Reviews &amp; Ratings",B0D3X1D2XY,"Size: Fullsize Keyboard + Mouse, Color: Black-Multicolor (ASIN: B0DP31RFP7)"
https://www.amazon.in/dp/B0D3X1D2XY/,"Amazon.in: Buy BITECHKART Foldable Bluetooth Keyboard, Pocket Size Portable Mini BT Wireless Keyboard with Touchpad for Android, Windows, PC, Tablet, with Rechargeable Li-ion Battery_20 x 10 x 3 cm Grey Online at Low Prices in India | BITECHKART Reviews &amp; Ratings",B0D3X1D2XY,"Size: Fullsize Keyboard + Mouse, Color: Grey (ASIN: B0D3X1D2XY)"
https://www.amazon.in/dp/B0D3X1D2XY/,"Amazon.in: Buy BITECHKART Foldable Bluetooth Keyboard, Pocket Size Portable Mini BT Wireless Keyboard with Touchpad for Android, Windows, PC, Tablet, with Rechargeable Li-ion Battery_20 x 10 x 3 cm Grey Online at Low Prices in India | BITECHKART Reviews &amp; Ratings",B0D3X1D2XY,"Size: Fullsize Keyboard + Mouse, Color: Silver (ASIN: B0D3WR66NH)"
https://www.amazon.in/dp/B0D3X1D2XY/,"Amazon.in: Buy BITECHKART Foldable Bluetooth Keyboard, Pocket Size Portable Mini BT Wireless Keyboard with Touchpad for Android, Windows, PC, Tablet, with Rechargeable Li-ion Battery_20 x 10 x 3 cm Grey Online at Low Prices in India | BITECHKART Reviews &amp; Ratings",B0D3X1D2XY,"Size: Fullsize Keyboard + Mouse, Color: White-Multicolor (ASIN: B0DP34KYDW)"
https://www.amazon.in/Redmi-Sparkle-Storage-Segment-Charging/dp/B0DLW44CGS/,"Redmi A4 5G (Sparkle Purple, 4GB RAM, 128GB Storage) | Global Debut SD 4s Gen 2 | Segment Largest 6.88in 120Hz | 50MP Dual Camera | 18W Fast Charging",B0DLW44CGS,"Size: 4GB+64GB, Color: Sparkle Purple (ASIN: B0DLW427YG)"
https://www.amazon.in/Redmi-Sparkle-Storage-Segment-Charging/dp/B0DLW44CGS/,"Redmi A4 5G (Sparkle Purple, 4GB RAM, 128GB Storage) | Global Debut SD 4s Gen 2 | Segment Largest 6.88in 120Hz | 50MP Dual Camera | 18W Fast Charging",B0DLW44CGS,"Size: 4GB+64GB, Color: Starry Black (ASIN: B0DLW1L5PR)"
https://www.amazon.in/Redmi-Sparkle-Storage-Segment-Charging/dp/B0DLW44CGS/,"Redmi A4 5G (Sparkle Purple, 4GB RAM, 128GB Storage) | Global Debut SD 4s Gen 2 | Segment Largest 6.88in 120Hz | 50MP Dual Camera | 18W Fast Charging",B0DLW44CGS,"Size: 4GB+128GB, Color: Sparkle Purple (ASIN: B0DLW44CGS)"
https://www.amazon.in/Redmi-Sparkle-Storage-Segment-Charging/dp/B0DLW44CGS/,"Redmi A4 5G (Sparkle Purple, 4GB RAM, 128GB Storage) | Global Debut SD 4s Gen 2 | Segment Largest 6.88in 120Hz | 50MP Dual Camera | 18W Fast Charging",B0DLW44CGS,"Size: 4GB+128GB, Color: Starry Black (ASIN: B0DLW4QD72)"
https://www.amazon.in/gp/aw/d/B0DGHYPFYB/,"iPhone 16 Pro Max 256 GB: 5G Mobile Phone with Camera Control, 4K 120 fps Dolby Vision and a Huge Leap in Battery Life. Works with AirPods; Natural Titanium : Amazon.in: Electronics",B0DGHYPFYB,No variants found
https://www.amazon.in/Samsung-Galaxy-Smartphone-Titanium-Storage/dp/B0CS6FDBMW/,"Samsung Galaxy S24 Ultra 5G AI Smartphone (Titanium Yellow, 12GB, 256GB Storage)",B0CS6FDBMW,"Size: 12GB + 256GB, Color: Titanium Violet (ASIN: B0CT4VRGXV)"
https://www.amazon.in/Samsung-Galaxy-Smartphone-Titanium-Storage/dp/B0CS6FDBMW/,"Samsung Galaxy S24 Ultra 5G AI Smartphone (Titanium Yellow, 12GB, 256GB Storage)",B0CS6FDBMW,"Size: 12GB + 256GB, Color: Titanium Yellow (ASIN: B0CS6FDBMW)"
https://www.amazon.in/Samsung-Galaxy-Smartphone-Titanium-Storage/dp/B0CS6FDBMW/,"Samsung Galaxy S24 Ultra 5G AI Smartphone (Titanium Yellow, 12GB, 256GB Storage)",B0CS6FDBMW,"Size: 12GB + 256GB, Color: black (ASIN: B0CT5BJC16)"
https://www.amazon.in/Samsung-Galaxy-Smartphone-Titanium-Storage/dp/B0CS6FDBMW/,"Samsung Galaxy S24 Ultra 5G AI Smartphone (Titanium Yellow, 12GB, 256GB Storage)",B0CS6FDBMW,"Size: 12GB + 256GB, Color: grey (ASIN: B0CT5BKF4C)"
https://www.amazon.in/Samsung-Galaxy-Smartphone-Titanium-Storage/dp/B0CS6FDBMW/,"Samsung Galaxy S24 Ultra 5G AI Smartphone (Titanium Yellow, 12GB, 256GB Storage)",B0CS6FDBMW,"Size: 12GB + 256GB, Color: violet (ASIN: B0CT526HJB)"
https://www.amazon.in/Samsung-Galaxy-Smartphone-Titanium-Storage/dp/B0CS6FDBMW/,"Samsung Galaxy S24 Ultra 5G AI Smartphone (Titanium Yellow, 12GB, 256GB Storage)",B0CS6FDBMW,"Size: 12GB + 512GB, Color: Titanium Violet (ASIN: B0CT4VRGXV)"
https://www.amazon.in/Samsung-Galaxy-Smartphone-Titanium-Storage/dp/B0CS6FDBMW/,"Samsung Galaxy S24 Ultra 5G AI Smartphone (Titanium Yellow, 12GB, 256GB Storage)",B0CS6FDBMW,"Size: 12GB + 512GB, Color: Titanium Yellow (ASIN: B0CS6FDBMW)"
https://www.amazon.in/Samsung-Galaxy-Smartphone-Titanium-Storage/dp/B0CS6FDBMW/,"Samsung Galaxy S24 Ultra 5G AI Smartphone (Titanium Yellow, 12GB, 256GB Storage)",B0CS6FDBMW,"Size: 12GB + 512GB, Color: black (ASIN: B0CT5BJC16)"
https://www.amazon.in/Samsung-Galaxy-Smartphone-Titanium-Storage/dp/B0CS6FDBMW/,"Samsung Galaxy S24 Ultra 5G AI Smartphone (Titanium Yellow, 12GB, 256GB Storage)",B0CS6FDBMW,"Size: 12GB + 512GB, Color: grey (ASIN: B0CT59XVRD)"
https://www.amazon.in/Samsung-Galaxy-Smartphone-Titanium-Storage/dp/B0CS6FDBMW/,"Samsung Galaxy S24 Ultra 5G AI Smartphone (Titanium Yellow, 12GB, 256GB Storage)",B0CS6FDBMW,"Size: 12GB + 512GB, Color: violet (ASIN: B0CT526HJB)"
https://www.amazon.in/POCO-Mirror-Black-RAM-Storage/dp/B0CT3SB6F5/,"POCO X6 5G (Snowstorm White, 8 GB RAM 256 GB Storage)",B0CT3SB6F5,Size: 8GB RAM + 256GB Storage (ASIN: B0CSDS6VGW)
https://www.amazon.in/POCO-Mirror-Black-RAM-Storage/dp/B0CT3SB6F5/,"POCO X6 5G (Snowstorm White, 8 GB RAM 256 GB Storage)",B0CT3SB6F5,Size: 12GB RAM + 512GB Storage (ASIN: B0CSSD9QJR)
https://www.amazon.in/Redmi-Storage-Dimensity-Segment-Brightest/dp/B0DPFTYQN7/,"Redmi Note 14 5G (Titan Black, 6GB RAM 128GB Storage) | Global Debut MTK Dimensity 7025 Ultra | 2100 nits Segment Brightest 120Hz AMOLED | 50MP Sony LYT 600 OIS+EIS Triple Camera : Amazon.in",B0DPFTYQN7,"Size: 6GB+128GB, Color: Mystique White (ASIN: B0DPFSH2X3)"
https://www.amazon.in/Redmi-Storage-Dimensity-Segment-Brightest/dp/B0DPFTYQN7/,"Redmi Note 14 5G (Titan Black, 6GB RAM 128GB Storage) | Global Debut MTK Dimensity 7025 Ultra | 2100 nits Segment Brightest 120Hz AMOLED | 50MP Sony LYT 600 OIS+EIS Triple Camera : Amazon.in",B0DPFTYQN7,"Size: 6GB+128GB, Color: Phantom Purple (ASIN: B0DPFSCQJP)"
https://www.amazon.in/Redmi-Storage-Dimensity-Segment-Brightest/dp/B0DPFTYQN7/,"Redmi Note 14 5G (Titan Black, 6GB RAM 128GB Storage) | Global Debut MTK Dimensity 7025 Ultra | 2100 nits Segment Brightest 120Hz AMOLED | 50MP Sony LYT 600 OIS+EIS Triple Camera : Amazon.in",B0DPFTYQN7,"Size: 6GB+128GB, Color: Titan Black (ASIN: B0DPFTYQN7)"
https://www.amazon.in/Redmi-Storage-Dimensity-Segment-Brightest/dp/B0DPFTYQN7/,"Redmi Note 14 5G (Titan Black, 6GB RAM 128GB Storage) | Global Debut MTK Dimensity 7025 Ultra | 2100 nits Segment Brightest 120Hz AMOLED | 50MP Sony LYT 600 OIS+EIS Triple Camera : Amazon.in",B0DPFTYQN7,"Size: 8GB+128GB, Color: Mystique White (ASIN: B0DPFV3T4V)"
https://www.amazon.in/Redmi-Storage-Dimensity-Segment-Brightest/dp/B0DPFTYQN7/,"Redmi Note 14 5G (Titan Black, 6GB RAM 128GB Storage) | Global Debut MTK Dimensity 7025 Ultra | 2100 nits Segment Brightest 120Hz AMOLED | 50MP Sony LYT 600 OIS+EIS Triple Camera : Amazon.in",B0DPFTYQN7,"Size: 8GB+128GB, Color: Phantom Purple (ASIN: B0DPFRLMML)"
https://www.amazon.in/Redmi-Storage-Dimensity-Segment-Brightest/dp/B0DPFTYQN7/,"Redmi Note 14 5G (Titan Black, 6GB RAM 128GB Storage) | Global Debut MTK Dimensity 7025 Ultra | 2100 nits Segment Brightest 120Hz AMOLED | 50MP Sony LYT 600 OIS+EIS Triple Camera : Amazon.in",B0DPFTYQN7,"Size: 8GB+128GB, Color: Titan Black (ASIN: B0DPFTHDBX)"
https://www.amazon.in/Redmi-Storage-Dimensity-Segment-Brightest/dp/B0DPFTYQN7/,"Redmi Note 14 5G (Titan Black, 6GB RAM 128GB Storage) | Global Debut MTK Dimensity 7025 Ultra | 2100 nits Segment Brightest 120Hz AMOLED | 50MP Sony LYT 600 OIS+EIS Triple Camera : Amazon.in",B0DPFTYQN7,"Size: 8GB+256GB, Color: Mystique White (ASIN: B0DPFSJV2Z)"
https://www.amazon.in/Redmi-Storage-Dimensity-Segment-Brightest/dp/B0DPFTYQN7/,"Redmi Note 14 5G (Titan Black, 6GB RAM 128GB Storage) | Global Debut MTK Dimensity 7025 Ultra | 2100 nits Segment Brightest 120Hz AMOLED | 50MP Sony LYT 600 OIS+EIS Triple Camera : Amazon.in",B0DPFTYQN7,"Size: 8GB+256GB, Color: Phantom Purple (ASIN: B0DPFST37Y)"
https://www.amazon.in/Redmi-Storage-Dimensity-Segment-Brightest/dp/B0DPFTYQN7/,"Redmi Note 14 5G (Titan Black, 6GB RAM 128GB Storage) | Global Debut MTK Dimensity 7025 Ultra | 2100 nits Segment Brightest 120Hz AMOLED | 50MP Sony LYT 600 OIS+EIS Triple Camera : Amazon.in",B0DPFTYQN7,"Size: 8GB+256GB, Color: Titan Black (ASIN: B0DPFVDFT3)"
https://www.amazon.in/Tecno-Phantom-Rippling-Strongest-Segment-5750mAh/dp/B0DMFMGP26/,"Tecno Phantom V Fold 2 (Rippling Blue, 12GB+512GB) | Strongest Fold Ever | Largest Battery in Fold Segment-5750mAh | Segment Largest Display | Rear - Triple 50MP Camera with OIS | 70W Fast Charger : Amazon.in: Electronics",B0DMFMGP26,Color: Karst Green + 12 GB RAM and 512 GB ROM (ASIN: B0DMFKJ99G)
https://www.amazon.in/Tecno-Phantom-Rippling-Strongest-Segment-5750mAh/dp/B0DMFMGP26/,"Tecno Phantom V Fold 2 (Rippling Blue, 12GB+512GB) | Strongest Fold Ever | Largest Battery in Fold Segment-5750mAh | Segment Largest Display | Rear - Triple 50MP Camera with OIS | 70W Fast Charger : Amazon.in: Electronics",B0DMFMGP26,Color: Rippling Blue + 12 GB RAM and 512 GB ROM (ASIN: B0DMFMGP26)
https://www.amazon.in/Fire-Boltt-Calling-Display-Nano-SIM-Battery/dp/B0CXXDG3LS/,"Fire-Boltt 4G Pro Volte Calling Smart Watch- 2.02” TFT Display, 4G Nano-SIM GPS, Health Suite, Sports Modes, 400mAh Battery (Black)",B0CXXDG3LS,Color: Black (ASIN: B0CXXDG3LS)
https://www.amazon.in/Fire-Boltt-Calling-Display-Nano-SIM-Battery/dp/B0CXXDG3LS/,"Fire-Boltt 4G Pro Volte Calling Smart Watch- 2.02” TFT Display, 4G Nano-SIM GPS, Health Suite, Sports Modes, 400mAh Battery (Black)",B0CXXDG3LS,Color: Blue (ASIN: B0CXXGVNPB)
https://www.amazon.in/Fire-Boltt-Calling-Display-Nano-SIM-Battery/dp/B0CXXDG3LS/,"Fire-Boltt 4G Pro Volte Calling Smart Watch- 2.02” TFT Display, 4G Nano-SIM GPS, Health Suite, Sports Modes, 400mAh Battery (Black)",B0CXXDG3LS,Color: Gray (ASIN: B0CXXDW4XG)
https://www.amazon.in/Fire-Boltt-Calling-Display-Nano-SIM-Battery/dp/B0CXXDG3LS/,"Fire-Boltt 4G Pro Volte Calling Smart Watch- 2.02” TFT Display, 4G Nano-SIM GPS, Health Suite, Sports Modes, 400mAh Battery (Black)",B0CXXDG3LS,Color: Green (ASIN: B0CXXJ4RV2)
https://www.amazon.in/Noise-Launched-ColorFit-Training-Analysis/dp/B0CFYMT8KT/,"Noise ColorFit Pro 5 Max 1.96"" AMOLED Display Smart Watch, BT Calling, Post Training Workout Analysis, VO2 Max, Rapid Health, 5X Faster Data Transfer - Elite Silver : Amazon.in: Electronics",B0CFYMT8KT,Color: Charcoal Black + Pro 4 (ASIN: B09ZQK9X8G)
https://www.amazon.in/Noise-Launched-ColorFit-Training-Analysis/dp/B0CFYMT8KT/,"Noise ColorFit Pro 5 Max 1.96"" AMOLED Display Smart Watch, BT Calling, Post Training Workout Analysis, VO2 Max, Rapid Health, 5X Faster Data Transfer - Elite Silver : Amazon.in: Electronics",B0CFYMT8KT,Color: Classic Blue + Pro 5 (ASIN: B0CFYKRCYQ)
https://www.amazon.in/Noise-Launched-ColorFit-Training-Analysis/dp/B0CFYMT8KT/,"Noise ColorFit Pro 5 Max 1.96"" AMOLED Display Smart Watch, BT Calling, Post Training Workout Analysis, VO2 Max, Rapid Health, 5X Faster Data Transfer - Elite Silver : Amazon.in: Electronics",B0CFYMT8KT,Color: Classic Brown + Pro 5 (ASIN: B0CFYN92TJ)
https://www.amazon.in/Noise-Launched-ColorFit-Training-Analysis/dp/B0CFYMT8KT/,"Noise ColorFit Pro 5 Max 1.96"" AMOLED Display Smart Watch, BT Calling, Post Training Workout Analysis, VO2 Max, Rapid Health, 5X Faster Data Transfer - Elite Silver : Amazon.in: Electronics",B0CFYMT8KT,Color: Classic Brown + Pro 5 Max (ASIN: B0CFYNGTCZ)
https://www.amazon.in/Noise-Launched-ColorFit-Training-Analysis/dp/B0CFYMT8KT/,"Noise ColorFit Pro 5 Max 1.96"" AMOLED Display Smart Watch, BT Calling, Post Training Workout Analysis, VO2 Max, Rapid Health, 5X Faster Data Transfer - Elite Silver : Amazon.in: Electronics",B0CFYMT8KT,Color: Deep Wine + Pro 4 (ASIN: B09ZQKWNNH)
https://www.amazon.in/Noise-Launched-ColorFit-Training-Analysis/dp/B0CFYMT8KT/,"Noise ColorFit Pro 5 Max 1.96"" AMOLED Display Smart Watch, BT Calling, Post Training Workout Analysis, VO2 Max, Rapid Health, 5X Faster Data Transfer - Elite Silver : Amazon.in: Electronics",B0CFYMT8KT,Color: Elite Black + Pro 5 (ASIN: B0CFYM4YJ3)
https://www.amazon.in/Noise-Launched-ColorFit-Training-Analysis/dp/B0CFYMT8KT/,"Noise ColorFit Pro 5 Max 1.96"" AMOLED Display Smart Watch, BT Calling, Post Training Workout Analysis, VO2 Max, Rapid Health, 5X Faster Data Transfer - Elite Silver : Amazon.in: Electronics",B0CFYMT8KT,Color: Elite Black + Pro 5 Max (ASIN: B0CFYM59QD)
https://www.amazon.in/Noise-Launched-ColorFit-Training-Analysis/dp/B0CFYMT8KT/,"Noise ColorFit Pro 5 Max 1.96"" AMOLED Display Smart Watch, BT Calling, Post Training Workout Analysis, VO2 Max, Rapid Health, 5X Faster Data Transfer - Elite Silver : Amazon.in: Electronics",B0CFYMT8KT,Color: Elite Rose Gold + Pro 5 (ASIN: B0CFYP7XR3)
https://www.amazon.in/Noise-Launched-ColorFit-Training-Analysis/dp/B0CFYMT8KT/,"Noise ColorFit Pro 5 Max 1.96"" AMOLED Display Smart Watch, BT Calling, Post Training Workout Analysis, VO2 Max, Rapid Health, 5X Faster Data Transfer - Elite Silver : Amazon.in: Electronics",B0CFYMT8KT,Color: Elite Silver + Pro 5 Max (ASIN: B0CFYMT8KT)
https://www.amazon.in/Noise-Launched-ColorFit-Training-Analysis/dp/B0CFYMT8KT/,"Noise ColorFit Pro 5 Max 1.96"" AMOLED Display Smart Watch, BT Calling, Post Training Workout Analysis, VO2 Max, Rapid Health, 5X Faster Data Transfer - Elite Silver : Amazon.in: Electronics",B0CFYMT8KT,Color: Jet Black + Pro 5 Max (ASIN: B0CFYM8ZY9)
https://www.amazon.in/Noise-Launched-ColorFit-Training-Analysis/dp/B0CFYMT8KT/,"Noise ColorFit Pro 5 Max 1.96"" AMOLED Display Smart Watch, BT Calling, Post Training Workout Analysis, VO2 Max, Rapid Health, 5X Faster Data Transfer - Elite Silver : Amazon.in: Electronics",B0CFYMT8KT,Color: Midnight Black + Pro 5 (ASIN: B0CFYNNBQX)
https://www.amazon.in/Noise-Launched-ColorFit-Training-Analysis/dp/B0CFYMT8KT/,"Noise ColorFit Pro 5 Max 1.96"" AMOLED Display Smart Watch, BT Calling, Post Training Workout Analysis, VO2 Max, Rapid Health, 5X Faster Data Transfer - Elite Silver : Amazon.in: Electronics",B0CFYMT8KT,Color: Olive Green + Pro 5 (ASIN: B0CFYP86QS)
https://www.amazon.in/Noise-Launched-ColorFit-Training-Analysis/dp/B0CFYMT8KT/,"Noise ColorFit Pro 5 Max 1.96"" AMOLED Display Smart Watch, BT Calling, Post Training Workout Analysis, VO2 Max, Rapid Health, 5X Faster Data Transfer - Elite Silver : Amazon.in: Electronics",B0CFYMT8KT,Color: Rainbow Weave + Pro 5 (ASIN: B0CFYN384F)
https://www.amazon.in/Noise-Launched-ColorFit-Training-Analysis/dp/B0CFYMT8KT/,"Noise ColorFit Pro 5 Max 1.96"" AMOLED Display Smart Watch, BT Calling, Post Training Workout Analysis, VO2 Max, Rapid Health, 5X Faster Data Transfer - Elite Silver : Amazon.in: Electronics",B0CFYMT8KT,Color: Shadow Black + Pro 5 Max (ASIN: B0CFYKRMWS)
https://www.amazon.in/Noise-Launched-ColorFit-Training-Analysis/dp/B0CFYMT8KT/,"Noise ColorFit Pro 5 Max 1.96"" AMOLED Display Smart Watch, BT Calling, Post Training Workout Analysis, VO2 Max, Rapid Health, 5X Faster Data Transfer - Elite Silver : Amazon.in: Electronics",B0CFYMT8KT,Color: Space Blue + Pro 5 Max (ASIN: B0CFYNMFRF)
https://www.amazon.in/Noise-Launched-ColorFit-Training-Analysis/dp/B0CFYMT8KT/,"Noise ColorFit Pro 5 Max 1.96"" AMOLED Display Smart Watch, BT Calling, Post Training Workout Analysis, VO2 Max, Rapid Health, 5X Faster Data Transfer - Elite Silver : Amazon.in: Electronics",B0CFYMT8KT,Color: Starlight Gold + Pro 5 (ASIN: B0CFYNB5NF)
https://www.amazon.in/Noise-Launched-ColorFit-Training-Analysis/dp/B0CFYMT8KT/,"Noise ColorFit Pro 5 Max 1.96"" AMOLED Display Smart Watch, BT Calling, Post Training Workout Analysis, VO2 Max, Rapid Health, 5X Faster Data Transfer - Elite Silver : Amazon.in: Electronics",B0CFYMT8KT,Color: Sunset Orange + Pro 4 (ASIN: B0B2DY3C3C)
